Pronoun_Type,Agent_Count,Patient_Recipient_Count,Total,Pct_Agent,Pct_Patient_Recipient
Demonstrative,199,111,310,64.19354838709678,35.80645161290323
Personal,604,393,997,60.58174523570712,39.418254764292875
